Nom,Prix,Image,Description,Description longue,Catégorie,Identifiant de prix
Gris Clair Brillant,32,https://zyllio.github.io/zyllio-samples/order-by-email/pens/E0942753_1_360x.webp,"Stylo plume Sheaffer® VFM 9427 Gris Clair Brillant Avec Finition Or PVD - Moyen","Le populaire Sheaffer VFM fait sensation avec sa silhouette moderne et effilée. Il est disponible dans une large gamme de finitions, allant du créatif et coloré au sobre et sophistiqué. Ses performances sont soutenues par le point blanc Sheaffer, notre symbole d'excellence en écriture.",Stylos plume,6546411
Chrome Brossé,26,https://zyllio.github.io/zyllio-samples/order-by-email/pens/E0942653_1_400x.webp,"Stylo plume Sheaffer® VFM 9426 Chrome Brossé Avec Finition Chrome - Moyen","Le populaire Sheaffer VFM fait sensation avec sa silhouette moderne et effilée. Il est disponible dans une large gamme de finitions, allant du créatif et coloré au sobre et sophistiqué. Ses performances sont soutenues par le point blanc Sheaffer, notre symbole d'excellence en écriture.",Stylos plume,5465415
Or PVD Brillant,84,https://zyllio.github.io/zyllio-samples/order-by-email/pens/E0937253_1_400x.webp,"Stylo plume Sheaffer® 100 9372 Or PVD Brillant Avec Finition Or PVD - Moyen","Le Sheaffer 100 fait un excellent cadeau pour célébrer une occasion ou entamer un nouveau chapitre. Avec son design moderne, ses options de finition intemporelles et sa prise équilibrée, il est l'outil parfait pour laisser les idées couler sans effort sur la page. Pour tous ceux qui aiment écrire, le Sheaffer 100 est un moyen abordable de rehausser cette expérience tout en faisant impression.",Stylos plume,5547996
Bleu Brillant,46,https://zyllio.github.io/zyllio-samples/order-by-email/pens/WP23906_1_3327cd02-9b23-4450-a1d8-c36152ff5ad5_400x.webp,"Stylo plume Sheaffer® 100 Bleu Brillant Avec Finition Chrome - Fin","Le Sheaffer 100 fait un excellent cadeau pour célébrer une occasion ou entamer un nouveau chapitre. Avec son design moderne, ses options de finition intemporelles et sa prise équilibrée, il est l'outil parfait pour laisser les idées couler sans effort sur la page. Pour tous ceux qui aiment écrire, le Sheaffer 100 est un moyen abordable de rehausser cette expérience tout en faisant impression.",Stylos plume,4524785
Gris Clair Brillant,28,https://zyllio.github.io/zyllio-samples/order-by-email/pens/E2942751_1_400x.webp,"Stylo-bille Sheaffer® VFM 9427 Gris Clair Brillant Avec Finition Or PVD","Le populaire Sheaffer VFM fait sensation avec sa silhouette moderne et effilée. Il est disponible dans une large gamme de finitions, allant du créatif et coloré au sobre et sophistiqué. Ses performances sont soutenues par le point blanc Sheaffer, notre symbole d'excellence en écriture.",Stylos à bille,3564774
Chrome Brossé,22,https://zyllio.github.io/zyllio-samples/order-by-email/pens/E2942651_1_400x.webp,"Stylo-bille Sheaffer® VFM 9426 Chrome Brossé Avec Finition Chrome","Le populaire Sheaffer VFM fait sensation avec sa silhouette moderne et effilée. Il est disponible dans une large gamme de finitions, allant du créatif et coloré au sobre et sophistiqué. Ses performances sont soutenues par le point blanc Sheaffer, notre symbole d'excellence en écriture.",Stylos à bille,4412254
Brun Café Brillant,42,https://zyllio.github.io/zyllio-samples/order-by-email/pens/E2937051-_1_400x.webp,"Stylo-bille Sheaffer® 100 9370 Brun Café Brillant Avec Finition Or PVD","Le Sheaffer 100 fait un excellent cadeau pour célébrer une occasion ou entamer un nouveau chapitre. Avec son design moderne, ses options de finition intemporelles et sa prise équilibrée, il est l'outil parfait pour laisser les idées couler sans effort sur la page. Pour tous ceux qui aiment écrire, le Sheaffer 100 est un moyen abordable de rehausser cette expérience tout en faisant impression.",Stylos à bille,1677898
Bleu Satiné,42,https://zyllio.github.io/zyllio-samples/order-by-email/pens/E2937151_1_1500x.webp,"Stylo-bille Sheaffer® 100 9371 Bleu Satiné Avec Finition Bleue PVD","Le Sheaffer 100 fait un excellent cadeau pour célébrer une occasion ou entamer un nouveau chapitre. Avec son design moderne, ses options de finition intemporelles et sa prise équilibrée, il est l'outil parfait pour laisser les idées couler sans effort sur la page. Pour tous ceux qui aiment écrire, le Sheaffer 100 est un moyen abordable de rehausser cette expérience tout en faisant impression.",Stylos à bille,4421566
Noir Brillant 300 9312,51,https://zyllio.github.io/zyllio-samples/order-by-email/pens/G2931251-6_400x.webp,"Ensemble-cadeau Sheaffer Noir Brillant 300 9312 Stylo-bille Avec Finition Chrome et Pochette","Cet ensemble-cadeau séduisant associe un stylo-bille classique Sheaffer 300 à une pochette à stylo en cuir. Le Sheaffer 300 est audacieusement détaillé avec le clip à fente iconique de Sheaffer et des bandes larges. Le stylo contemporain arbore le point blanc Sheaffer, symbole d'excellence en écriture. Fabriquée en cuir véritable avec une texture noire élégante, cette pochette simple et pratique est un accessoire incontournable.",Ensembles-cadeaux,1233244
Chrome Brillant 100,49,https://zyllio.github.io/zyllio-samples/order-by-email/pens/clockgiftset1_400x.webp,"Ensemble-cadeau Sheaffer avec Stylo-bille Chrome Brillant 100 avec Finition Or et Horloge de Table","Avec son design moderne, sa finition intemporelle et son toucher équilibré, ce stylo-bille est l'outil parfait pour laisser les idées couler sans effort sur la page. Pour tous ceux qui aiment écrire, le Sheaffer® 100 est un moyen abordable de rehausser cette expérience tout en faisant impression.",Ensembles-cadeaux,4456588
Noir Mat 100,34,https://zyllio.github.io/zyllio-samples/order-by-email/pens/Image1_400x.webp,"Ensemble-cadeau Sheaffer avec Stylo-bille Noir Mat 100 avec Finition Chrome et Porte-cartes de visite","Avec son design moderne, sa finition intemporelle et son toucher équilibré, ce stylo-bille est l'outil parfait pour laisser les idées couler sans effort sur la page. Pour tous ceux qui aiment écrire, le Sheaffer® 100 est un moyen abordable de rehausser cette expérience tout en faisant impression.",Ensembles-cadeaux,7789877
Convertisseur de Stylo Plume à Piston,6,https://zyllio.github.io/zyllio-samples/order-by-email/pens/WP01568-1_400x.webp,"Convertisseur de Stylo Plume Sheaffer® à Piston à Enfoncement - Fumée","Ce convertisseur à piston à action de vissage permet aux stylos plume Sheaffer d'utiliser de l'encre en bouteille. Il convient à tous les stylos plume Sheaffer sauf ceux de la collection VFM.",Nos Recharges,4565411
Recharge Rollerball,5,https://zyllio.github.io/zyllio-samples/order-by-email/pens/WP02208_1_400x.webp,"Recharge Rollerball Classique Sheaffer® - Noir Moyen - Carte Blister","Les recharges Sheaffer sont réputées pour leur fiabilité et leur praticité sur tous types de papier. Cette recharge est compatible avec les stylos rollerball Sheaffer des collections Sheaffer Legacy Heritage et Prelude. Elle n'est pas adaptée aux stylos rollerball Sheaffer VFM.",Nos Recharges,6854887