Référence annonce,Photo
14AZ23,https://zyllio.github.io/zyllio-samples/agency/houses/1/2.jpg
14AZ23,https://zyllio.github.io/zyllio-samples/agency/houses/1/3.jpg
14AZ23,https://zyllio.github.io/zyllio-samples/agency/houses/1/4.jpg
14AZ23,https://zyllio.github.io/zyllio-samples/agency/houses/1/5.jpg
11XC74,https://zyllio.github.io/zyllio-samples/agency/houses/2/2.jpg
11XC74,https://zyllio.github.io/zyllio-samples/agency/houses/2/3.jpg
11XC74,https://zyllio.github.io/zyllio-samples/agency/houses/2/4.jpg
78PI12,https://zyllio.github.io/zyllio-samples/agency/houses/3/2.jpg
78PI12,https://zyllio.github.io/zyllio-samples/agency/houses/3/3.jpg
78PI12,https://zyllio.github.io/zyllio-samples/agency/houses/3/4.jpg
78PI12,https://zyllio.github.io/zyllio-samples/agency/houses/3/5.jpg
54SA90,https://zyllio.github.io/zyllio-samples/agency/houses/4/2.jpg
54SA90,https://zyllio.github.io/zyllio-samples/agency/houses/4/3.jpg
54SA90,https://zyllio.github.io/zyllio-samples/agency/houses/4/4.jpg
54SA90,https://zyllio.github.io/zyllio-samples/agency/houses/4/5.jpg
WX56RE,https://zyllio.github.io/zyllio-samples/agency/houses/5/2.jpg
WX56RE,https://zyllio.github.io/zyllio-samples/agency/houses/5/3.jpg
WX56RE,https://zyllio.github.io/zyllio-samples/agency/houses/5/4.jpg
WX56RE,https://zyllio.github.io/zyllio-samples/agency/houses/5/5.jpg
TY32AN,https://zyllio.github.io/zyllio-samples/agency/houses/6/2.jpg
TY32AN,https://zyllio.github.io/zyllio-samples/agency/houses/6/3.jpg
TY32AN,https://zyllio.github.io/zyllio-samples/agency/houses/6/4.jpg
TY32AN,https://zyllio.github.io/zyllio-samples/agency/houses/6/5.jpg