Nom,Fichier,Catégorie
Ail vapeur au thermochef,https://zyllio.github.io/zyllio-samples/recipies/recipies/audio/%E2%80%94%20AIL%20VAPEUR%20AU%20THERMOCHEF.mp3,Légumes vapeur
Artichaut gros vapeur au thermochef,https://zyllio.github.io/zyllio-samples/recipies/recipies/audio/%E2%80%94%20ARTICHAUT%20GROS%20VAPEUR%20AU%20THERMOCHEF.mp3,Légumes vapeur
Artichaut moyen vapeur au thermochef,https://zyllio.github.io/zyllio-samples/recipies/recipies/audio/%E2%80%94%20ARTICHAUT%20MOYEN%20VAPEUR%20AU%20THERMOCHEF.mp3,Légumes vapeur
Asperges entieres vapeur au thermochef,https://zyllio.github.io/zyllio-samples/recipies/recipies/audio/%E2%80%94%20ASPERGES%20ENTIERES%20VAPEUR%20AU%20THERMOCHEF.mp3,Légumes vapeur
Aubergine en morceaux vapeur au thermochef,https://zyllio.github.io/zyllio-samples/recipies/recipies/audio/%E2%80%94%20AUBERGINE%20EN%20MORCEAUX%20VAPEUR%20AU%20THERMOCHEF.mp3,Légumes vapeur
Betteraves rouges entieres petites vapeur au thermochef,https://zyllio.github.io/zyllio-samples/recipies/recipies/audio/%E2%80%94%20BETTERAVES%20ROUGES%20ENTIERES%20PETITES%20VAPEUR%20AU%20THERMOCHEF.mp3,Légumes vapeur
Betteraves rouges entieres vapeur au thermochef,https://zyllio.github.io/zyllio-samples/recipies/recipies/audio/%E2%80%94%20BETTERAVES%20ROUGES%20ENTIERES%20VAPEUR%20AU%20THERMOCHEF.mp3,Légumes vapeur
Brocoli vapeur au thermochef,https://zyllio.github.io/zyllio-samples/recipies/recipies/audio/%E2%80%94%20BROCOLI%20VAPEUR%20AU%20THERMOCHEF.mp3,Légumes vapeur
Carottes en rondelles ou en julienne vapeur au thermochef,https://zyllio.github.io/zyllio-samples/recipies/recipies/audio/%E2%80%94%20CAROTTES%20EN%20RONDELLES%20OU%20EN%20JULIENNE%20VAPEUR%20AU%20THERMOCHEF.mp3,Légumes vapeur
Carottes entieres vapeur au thermochef,https://zyllio.github.io/zyllio-samples/recipies/recipies/audio/%E2%80%94%20CAROTTES%20ENTIERES%20VAPEUR%20AU%20THERMOCHEF.mp3,Légumes vapeur
Celeri branche en morceaux vapeur au thermochef,https://zyllio.github.io/zyllio-samples/recipies/recipies/audio/%E2%80%94%20CELERI%20BRANCHE%20EN%20MORCEAUX%20VAPEUR%20AU%20THERMOCHEF.mp3,Légumes vapeur
Celeri-rave en morceaux vapeur au thermochef,https://zyllio.github.io/zyllio-samples/recipies/recipies/audio/%E2%80%94%20CELERI-RAVE%20EN%20MORCEAUX%20VAPEUR%20AU%20THERMOCHEF.mp3,Légumes vapeur
Champignons en morceaux vapeur au thermochef,https://zyllio.github.io/zyllio-samples/recipies/recipies/audio/%E2%80%94%20CHAMPIGNONS%20EN%20MORCEAUX%20VAPEUR%20AU%20THERMOCHEF.mp3,Légumes vapeur
Chataignes entieres vapeur au thermochef,https://zyllio.github.io/zyllio-samples/recipies/recipies/audio/%E2%80%94%20CHATAIGNES%20ENTIERES%20VAPEUR%20AU%20THERMOCHEF.mp3,Légumes vapeur
Chou rouge emince vapeur au thermochef,https://zyllio.github.io/zyllio-samples/recipies/recipies/audio/%E2%80%94%20CHOU%20ROUGE%20EMINCE%20VAPEUR%20AU%20THERMOCHEF.mp3,Légumes vapeur
Chou vert emince vapeur au thermochef,https://zyllio.github.io/zyllio-samples/recipies/recipies/audio/%E2%80%94%20CHOU%20VERT%20EMINCE%20VAPEUR%20AU%20THERMOCHEF.mp3,Légumes vapeur
Choucroute vapeur au thermochef,https://zyllio.github.io/zyllio-samples/recipies/recipies/audio/%E2%80%94%20CHOUCROUTE%20VAPEUR%20AU%20THERMOCHEF.mp3,Légumes vapeur
Chou-fleur vapeur au thermochef,https://zyllio.github.io/zyllio-samples/recipies/recipies/audio/%E2%80%94%20CHOU-FLEUR%20VAPEUR%20AU%20THERMOCHEF.mp3,Légumes vapeur
Choux de bruxelles vapeur au thermochef,https://zyllio.github.io/zyllio-samples/recipies/recipies/audio/%E2%80%94%20CHOUX%20DE%20BRUXELLES%20VAPEUR%20AU%20THERMOCHEF.mp3,Légumes vapeur
Citrouille ou potiron vapeur au thermochef,https://zyllio.github.io/zyllio-samples/recipies/recipies/audio/%E2%80%94%20CITROUILLE%20OU%20POTIRON%20VAPEUR%20AU%20THERMOCHEF.mp3,Légumes vapeur
Cotes de blettes vapeur au thermochef.,https://zyllio.github.io/zyllio-samples/recipies/recipies/audio/%E2%80%94%20COTES%20DE%20BLETTES%20VAPEUR%20AU%20THERMOCHEF..mp3,Légumes vapeur
Courgettes en rondelles vapeur au thermochef,https://zyllio.github.io/zyllio-samples/recipies/recipies/audio/%E2%80%94%20COURGETTES%20EN%20RONDELLES%20VAPEUR%20AU%20THERMOCHEF.mp3,Légumes vapeur
Endives vapeur au thermochef,https://zyllio.github.io/zyllio-samples/recipies/recipies/audio/%E2%80%94%20ENDIVES%20VAPEUR%20AU%20THERMOCHEF.mp3,Légumes vapeur
Epinards vapeur au thermochef,https://zyllio.github.io/zyllio-samples/recipies/recipies/audio/%E2%80%94%20EPINARDS%20VAPEUR%20AU%20THERMOCHEF.mp3,Légumes vapeur
Fenouil en morceaux vapeur au thermochef,https://zyllio.github.io/zyllio-samples/recipies/recipies/audio/%E2%80%94%20FENOUIL%20EN%20MORCEAUX%20VAPEUR%20AU%20THERMOCHEF.mp3,Légumes vapeur
Feuilles de betterave vapeur au thermochef,https://zyllio.github.io/zyllio-samples/recipies/recipies/audio/%E2%80%94%20FEUILLES%20DE%20BETTERAVE%20VAPEUR%20AU%20THERMOCHEF.mp3,Légumes vapeur
Feuilles de blettes vapeur au thermochef,https://zyllio.github.io/zyllio-samples/recipies/recipies/audio/%E2%80%94%20FEUILLES%20DE%20BLETTES%20VAPEUR%20AU%20THERMOCHEF.mp3,Légumes vapeur
Grosses pommes de terre vapeur au thermochef,https://zyllio.github.io/zyllio-samples/recipies/recipies/audio/%E2%80%94%20GROSSES%20POMMES%20DE%20TERRE%20VAPEUR%20AU%20THERMOCHEF.mp3,Légumes vapeur
Haricots blancs frais vapeur au thermochef,https://zyllio.github.io/zyllio-samples/recipies/recipies/audio/%E2%80%94%20HARICOTS%20BLANCS%20FRAIS%20VAPEUR%20AU%20THERMOCHEF.mp3,Légumes vapeur
Haricots verts extra fins vapeur au thermochef,https://zyllio.github.io/zyllio-samples/recipies/recipies/audio/%E2%80%94%20HARICOTS%20VERTS%20EXTRA%20FINS%20VAPEUR%20AU%20THERMOCHEF.mp3,Légumes vapeur
Haricots verts fins vapeur au thermochef,https://zyllio.github.io/zyllio-samples/recipies/recipies/audio/%E2%80%94%20HARICOTS%20VERTS%20FINS%20VAPEUR%20AU%20THERMOCHEF.mp3,Légumes vapeur
Haricots verts normaux vapeur au thermochef,https://zyllio.github.io/zyllio-samples/recipies/recipies/audio/%E2%80%94%20HARICOTS%20VERTS%20NORMAUX%20VAPEUR%20AU%20THERMOCHEF.mp3,Légumes vapeur
Mais frais vapeur au thermochef,https://zyllio.github.io/zyllio-samples/recipies/recipies/audio/%E2%80%94%20MAIS%20FRAIS%20VAPEUR%20AU%20THERMOCHEF.mp3,Légumes vapeur
Navet ou rutabaga vapeur au thermochef,https://zyllio.github.io/zyllio-samples/recipies/recipies/audio/%E2%80%94%20NAVET%20OU%20RUTABAGA%20VAPEUR%20AU%20THERMOCHEF.mp3,Légumes vapeur
Oignon blanc vapeur au thermochef,https://zyllio.github.io/zyllio-samples/recipies/recipies/audio/%E2%80%94%20OIGNON%20BLANC%20VAPEUR%20AU%20THERMOCHEF.mp3,Légumes vapeur
Petites pommes de terre vapeur au thermochef,https://zyllio.github.io/zyllio-samples/recipies/recipies/audio/%E2%80%94%20PETITES%20POMMES%20DE%20TERRE%20VAPEUR%20AU%20THERMOCHEF.mp3,Légumes vapeur
Petits pois verts vapeur au thermochef,https://zyllio.github.io/zyllio-samples/recipies/recipies/audio/%E2%80%94%20PETITS%20POIS%20VERTS%20VAPEUR%20AU%20THERMOCHEF.mp3,Légumes vapeur
Pointes d’asperges vapeur au thermochef,https://zyllio.github.io/zyllio-samples/recipies/recipies/audio/%E2%80%94%20POINTES%20D%E2%80%99ASPERGES%20VAPEUR%20AU%20THERMOCHEF.mp3,Légumes vapeur
Poireau vapeur au thermochef,https://zyllio.github.io/zyllio-samples/recipies/recipies/audio/%E2%80%94%20POIREAU%20VAPEUR%20AU%20THERMOCHEF.mp3,Légumes vapeur
Poivrons vapeur au thermochef,https://zyllio.github.io/zyllio-samples/recipies/recipies/audio/%E2%80%94%20POIVRONS%20VAPEUR%20AU%20THERMOCHEF.mp3,Légumes vapeur
Pommes de terre moyennes vapeur au thermochef,https://zyllio.github.io/zyllio-samples/recipies/recipies/audio/%E2%80%94%20POMMES%20DE%20TERRE%20MOYENNES%20VAPEUR%20AU%20THERMOCHEF.mp3,Légumes vapeur
Salsifis vapeur au thermochef,https://zyllio.github.io/zyllio-samples/recipies/recipies/audio/%E2%80%94%20SALSIFIS%20VAPEUR%20AU%20THERMOCHEF.mp3,Légumes vapeur
Soja vapeur au thermochef,https://zyllio.github.io/zyllio-samples/recipies/recipies/audio/%E2%80%94%20SOJA%20VAPEUR%20AU%20THERMOCHEF.mp3,Légumes vapeur
Tomate vapeur au thermochef,https://zyllio.github.io/zyllio-samples/recipies/recipies/audio/%E2%80%94%20TOMATE%20VAPEUR%20AU%20THERMOCHEF.mp3,Légumes vapeur
Topinambours vapeur au thermochef,https://zyllio.github.io/zyllio-samples/recipies/recipies/audio/%E2%80%94%20TOPINAMBOURS%20VAPEUR%20AU%20THERMOCHEF.mp3,Légumes vapeur
Baeckeoffe alsacien au thermochef,https://zyllio.github.io/zyllio-samples/recipies/recipies/audio/BAECKEOFFE%20ALSACIEN%20AU%20THERMOCHEF.mp3,Plats
Blanquette de lieu noir au thermochef,https://zyllio.github.io/zyllio-samples/recipies/recipies/audio/BLANQUETTE%20DE%20LIEU%20NOIR%20AU%20THERMOCHEF.mp3,Plats
Blanquette de veau au thermochef,https://zyllio.github.io/zyllio-samples/recipies/recipies/audio/BLANQUETTE%20DE%20VEAU%20AU%20THERMOCHEF.mp3,Plats
Boudin noir aux pommes de terre et pomme au thermochef,https://zyllio.github.io/zyllio-samples/recipies/recipies/audio/BOUDIN%20NOIR%20AUX%20POMMES%20DE%20TERRE%20ET%20POMME%20AU%20THERMOCHEF.mp3,Plats
Bouillabaisse au thermochef — version accessible,https://zyllio.github.io/zyllio-samples/recipies/recipies/audio/BOUILLABAISSE%20AU%20THERMOCHEF%20%E2%80%94%20VERSION%20ACCESSIBLE.mp3,Plats
"Boulettes de viande, pommes de terre et sauce tomate au thermochef",https://zyllio.github.io/zyllio-samples/recipies/recipies/audio/BOULETTES%20DE%20VIANDE%2C%20POMMES%20DE%20TERRE%20ET%20SAUCE%20TOMATE%20AU%20THERMOCHEF.mp3,Plats
"Cake aux courgettes, pesto et parmesan facon thermochef",https://zyllio.github.io/zyllio-samples/recipies/recipies/audio/CAKE%20AUX%20COURGETTES%2C%20PESTO%20ET%20PARMESAN%20FACON%20THERMOCHEF%20%E2%80%94.mp3,Plats
Cake aux olives noires et tofu fume facon thermochef,https://zyllio.github.io/zyllio-samples/recipies/recipies/audio/CAKE%20AUX%20OLIVES%20NOIRES%20ET%20TOFU%20FUME%20FACON%20THERMOCHEF%20%E2%80%94.mp3,Plats
"Cake aux olives, poivron et feta facon thermochef",https://zyllio.github.io/zyllio-samples/recipies/recipies/audio/CAKE%20AUX%20OLIVES%2C%20POIVRON%20ET%20FETA%20FACON%20THERMOCHEF%20%E2%80%94.mp3,Plats
"Cake de tomate, basilic et chevre chaud facon thermochef",https://zyllio.github.io/zyllio-samples/recipies/recipies/audio/CAKE%20DE%20TOMATE%2C%20BASILIC%20ET%20CHEVRE%20CHAUD%20FACON%20THERMOCHEF%20%E2%80%94.mp3,Plats
Cassoulet facon thermochef,https://zyllio.github.io/zyllio-samples/recipies/recipies/audio/CASSOULET%20FACON%20THERMOCHEF%20%E2%80%94.mp3,Plats
Chili vegetalien facon thermochef,https://zyllio.github.io/zyllio-samples/recipies/recipies/audio/CHILI%20VEGETALIEN%20FACON%20THERMOCHEF%20%E2%80%94.mp3,Plats
Chou au seitan au thermochef,https://zyllio.github.io/zyllio-samples/recipies/recipies/audio/CHOU%20AU%20SEITAN%20AU%20THERMOCHEF.mp3,Plats
Choucroute garnie au thermochef,https://zyllio.github.io/zyllio-samples/recipies/recipies/audio/CHOUCROUTE%20GARNIE%20AU%20THERMOCHEF.mp3,Plats
Colin sauce citron et capres au thermochef,https://zyllio.github.io/zyllio-samples/recipies/recipies/audio/COLIN%20SAUCE%20CITRON%20ET%20CAPRES%20AU%20THERMOCHEF.mp3,Plats
Creme de carottes facon thermochef,https://zyllio.github.io/zyllio-samples/recipies/recipies/audio/CREME%20DE%20CAROTTES%20FACON%20THERMOCHEF%20%E2%80%94.mp3,Plats
Creme de courgettes et fenouil facon thermochef,https://zyllio.github.io/zyllio-samples/recipies/recipies/audio/CREME%20DE%20COURGETTES%20ET%20FENOUIL%20FACON%20THERMOCHEF%20%E2%80%94.mp3,Plats
Creme de potiron facon thermochef,https://zyllio.github.io/zyllio-samples/recipies/recipies/audio/CREME%20DE%20POTIRON%20FACON%20THERMOCHEF%20%E2%80%94.mp3,Plats
Dhal de lentilles corail et riz basmati au thermochef,https://zyllio.github.io/zyllio-samples/recipies/recipies/audio/DHAL%20DE%20LENTILLES%20CORAIL%20ET%20RIZ%20BASMATI%20AU%20THERMOCHEF.mp3,Plats
Diots de savoie aux pommes de terre au thermochef,https://zyllio.github.io/zyllio-samples/recipies/recipies/audio/DIOTS%20DE%20SAVOIE%20AUX%20POMMES%20DE%20TERRE%20AU%20THERMOCHEF.mp3,Plats
Endives au jambon gratinees facon thermochef,https://zyllio.github.io/zyllio-samples/recipies/recipies/audio/ENDIVES%20AU%20JAMBON%20GRATINEES%20FACON%20THERMOCHEF.mp3,Plats
Farfalles poulet pesto tout-en-un au thermochef,https://zyllio.github.io/zyllio-samples/recipies/recipies/audio/FARFALLES%20POULET%20PESTO%20TOUT-EN-UN%20AU%20THERMOCHEF.mp3,Plats
Gigot d'agneau confit au thermochef,https://zyllio.github.io/zyllio-samples/recipies/recipies/audio/GIGOT%20D%E2%80%99AGNEAU%20CONFIT%20AU%20THERMOCHEF.mp3,Plats
Gratin dauphinois facon thermochef,https://zyllio.github.io/zyllio-samples/recipies/recipies/audio/GRATIN%20DAUPHINOIS%20FACON%20THERMOCHEF.mp3,Plats
"Legumes, seitan, persil et menthe facon thermochef",https://zyllio.github.io/zyllio-samples/recipies/recipies/audio/LEGUMES%2C%20SEITAN%2C%20PERSIL%20ET%20MENTHE%20FACON%20THERMOCHEF%20%E2%80%94.mp3,Plats
Naan a l'ail et coriandre facon thermochef,https://zyllio.github.io/zyllio-samples/recipies/recipies/audio/NAAN%20A%20L%E2%80%99AIL%20ET%20CORIANDRE%20FACON%20THERMOCHEF%20%E2%80%94.mp3,Plats
Naan au fromage facon thermochef,https://zyllio.github.io/zyllio-samples/recipies/recipies/audio/NAAN%20AU%20FROMAGE%20FACON%20THERMOCHEF%20%E2%80%94.mp3,Plats
Navarin d'agneau printanier au thermochef,https://zyllio.github.io/zyllio-samples/recipies/recipies/audio/NAVARIN%20D%E2%80%99AGNEAU%20PRINTANIER%20AU%20THERMOCHEF.mp3,Plats
Omelette pomme de terre et oignon facon thermochef,https://zyllio.github.io/zyllio-samples/recipies/recipies/audio/OMELETTE%20POMME%20DE%20TERRE%20ET%20OIGNON%20FACON%20THERMOCHEF%20%E2%80%94.mp3,Plats
One pot fusilli chorizo et poivrons facon thermochef,https://zyllio.github.io/zyllio-samples/recipies/recipies/audio/ONE%20POT%20FUSILLI%20CHORIZO%20ET%20POIVRONS%20FACON%20THERMOCHEF%20%E2%80%94.mp3,Plats
One pot linguine aux fruits de mer facon thermochef,https://zyllio.github.io/zyllio-samples/recipies/recipies/audio/ONE%20POT%20LINGUINE%20AUX%20FRUITS%20DE%20MER%20FACON%20THERMOCHEF%20%E2%80%94.mp3,Plats
One pot penne bolognaise facon thermochef,https://zyllio.github.io/zyllio-samples/recipies/recipies/audio/ONE%20POT%20PENNE%20BOLOGNAISE%20FACON%20THERMOCHEF%20%E2%80%94.mp3,Plats
Paella au thermochef,https://zyllio.github.io/zyllio-samples/recipies/recipies/audio/PAELLA%20AU%20THERMOCHEF.mp3,Plats
"Pates au jambon, courgettes, champignons et sauce tomate au thermochef",https://zyllio.github.io/zyllio-samples/recipies/recipies/audio/PATES%20AU%20JAMBON%2C%20COURGETTES%2C%20CHAMPIGNONS%20ET%20SAUCE%20TOMATE%20AU%20THERMOCHEF.mp3,Plats
"Pave de merlu, farfalles aux legumes et lait de coco au thermochef",https://zyllio.github.io/zyllio-samples/recipies/recipies/audio/PAVE%20DE%20MERLU%2C%20FARFALLES%20AUX%20LEGUMES%20ET%20LAIT%20DE%20COCO%20AU%20THERMOCHEF.mp3,Plats
Piperade aux oeufs facon thermochef,https://zyllio.github.io/zyllio-samples/recipies/recipies/audio/PIPERADE%20AUX%20%C5%92UFS%20FACON%20THERMOCHEF%20%E2%80%94.mp3,Plats
Pommes de terre aux merguez et champignons au thermochef,https://zyllio.github.io/zyllio-samples/recipies/recipies/audio/POMMES%20DE%20TERRE%20AUX%20MERGUEZ%20ET%20CHAMPIGNONS%20AU%20THERMOCHEF.mp3,Plats
Pommes de terre sautees facon thermochef,https://zyllio.github.io/zyllio-samples/recipies/recipies/audio/POMMES%20DE%20TERRE%20SAUTEES%20FACON%20THERMOCHEF%20%E2%80%94.mp3,Plats
Pot-au-feu facon thermochef,https://zyllio.github.io/zyllio-samples/recipies/recipies/audio/POT-AU-FEU%20FACON%20THERMOCHEF.mp3,Plats
Poulet roti au thermochef epice cajun,https://zyllio.github.io/zyllio-samples/recipies/recipies/audio/poulet%20roti%20au%20thermochef%20epice%20cajun.mp3,Plats
Quinoa aux legumes facon thermochef,https://zyllio.github.io/zyllio-samples/recipies/recipies/audio/QUINOA%20AUX%20LEGUMES%20FACON%20THERMOCHEF%20%E2%80%94.mp3,Plats
Ratatouille en deux temps au thermochef,https://zyllio.github.io/zyllio-samples/recipies/recipies/audio/RATATOUILLE%20EN%20DEUX%20TEMPS%20AU%20THERMOCHEF.mp3,Plats
Ratatouille facon thermochef,https://zyllio.github.io/zyllio-samples/recipies/recipies/audio/RATATOUILLE%20FACON%20THERMOCHEF%20%E2%80%94.mp3,Plats
Riz aux artichauts et citron facon thermochef,https://zyllio.github.io/zyllio-samples/recipies/recipies/audio/RIZ%20AUX%20ARTICHAUTS%20ET%20CITRON%20FACON%20THERMOCHEF.mp3,Plats
Riz aux cepes et parmesan facon thermochef,https://zyllio.github.io/zyllio-samples/recipies/recipies/audio/RIZ%20AUX%20CEPES%20ET%20PARMESAN%20FACON%20THERMOCHEF%20%E2%80%94.mp3,Plats
Riz aux crevettes epicees facon thermochef,https://zyllio.github.io/zyllio-samples/recipies/recipies/audio/RIZ%20AUX%20CREVETTES%20EPICEES%20FACON%20THERMOCHEF%20%E2%80%94.mp3,Plats
Riz aux legumes du soleil facon thermochef,https://zyllio.github.io/zyllio-samples/recipies/recipies/audio/RIZ%20AUX%20LEGUMES%20DU%20SOLEIL%20FACON%20THERMOCHEF%20%E2%80%94.mp3,Plats
Riz thai aux crevettes tout-en-un au thermochef,https://zyllio.github.io/zyllio-samples/recipies/recipies/audio/RIZ%20THAI%20AUX%20CREVETTES%20TOUT-EN-UN%20AU%20THERMOCHEF.mp3,Plats
Roti de boeuf cuisson a coeur 55 degres au thermochef,https://zyllio.github.io/zyllio-samples/recipies/recipies/audio/roti%20de%20boeuf%20cuisson%20a%20coeur%2055%20degres%20au%20thermochef.mp3,Plats
Roti de porc cuisson a coeur 68 degres au thermochef,https://zyllio.github.io/zyllio-samples/recipies/recipies/audio/roti%20de%20porc%20cuisson%20a%20coeur%2068%20degres%20au%20thermochef.mp3,Plats
Roti de veau cuisson a coeur 60 degres au thermochef,https://zyllio.github.io/zyllio-samples/recipies/recipies/audio/roti%20de%20veau%20cuisson%20a%20coeur%2060%20degres%20au%20thermochef.mp3,Plats
Salade de quinoa aux legumes,https://zyllio.github.io/zyllio-samples/recipies/recipies/audio/Salade%20de%20quinoa%20aux%20legumes.mp3,Plats
Saucisses fumees aux lentilles au thermochef,https://zyllio.github.io/zyllio-samples/recipies/recipies/audio/SAUCISSES%20FUMEES%20AUX%20LENTILLES%20AU%20THERMOCHEF.mp3,Plats
Soupe d'asperges a la menthe facon thermochef,https://zyllio.github.io/zyllio-samples/recipies/recipies/audio/SOUPE%20D%E2%80%99ASPERGES%20A%20LA%20MENTHE%20FACON%20THERMOCHEF.mp3,Plats
Soupe de champignons aux fines herbes facon thermochef,https://zyllio.github.io/zyllio-samples/recipies/recipies/audio/SOUPE%20DE%20CHAMPIGNONS%20AUX%20FINES%20HERBES%20FACON%20THERMOCHEF.mp3,Plats
Soupe rapide de tomates et basilic facon thermochef,https://zyllio.github.io/zyllio-samples/recipies/recipies/audio/SOUPE%20RAPIDE%20DE%20TOMATES%20ET%20BASILIC%20FACON%20THERMOCHEF.mp3,Plats
Soupe thaie au lait de coco facon thermochef,https://zyllio.github.io/zyllio-samples/recipies/recipies/audio/SOUPE%20THAIE%20AU%20LAIT%20DE%20COCO%20FACON%20THERMOCHEF.mp3,Plats
Tajine d'haricots verts facon thermochef,https://zyllio.github.io/zyllio-samples/recipies/recipies/audio/TAJINE%20D%E2%80%99HARICOTS%20VERTS%20FACON%20THERMOCHEF%20%E2%80%94.mp3,Plats
Tajine de lotte au thermochef,https://zyllio.github.io/zyllio-samples/recipies/recipies/audio/TAJINE%20DE%20LOTTE%20AU%20THERMOCHEF.mp3,Plats
Tartiflette simple au thermochef,https://zyllio.github.io/zyllio-samples/recipies/recipies/audio/TARTIFLETTE%20SIMPLE%20AU%20THERMOCHEF.mp3,Plats
Tian de legumes mozzarella facon thermochef,https://zyllio.github.io/zyllio-samples/recipies/recipies/audio/TIAN%20DE%20LEGUMES%20MOZZARELLA%20FACON%20THERMOCHEF.mp3,Plats
Tomates confites et polenta facon thermochef,https://zyllio.github.io/zyllio-samples/recipies/recipies/audio/TOMATES%20CONFITES%20ET%20POLENTA%20FACON%20THERMOCHEF%20%E2%80%94.mp3,Plats
Tomates farcies facon thermochef,https://zyllio.github.io/zyllio-samples/recipies/recipies/audio/TOMATES%20FARCIES%20FACON%20THERMOCHEF%20%E2%80%94.mp3,Plats
Veau marengo au thermochef,https://zyllio.github.io/zyllio-samples/recipies/recipies/audio/VEAU%20MARENGO%20AU%20THERMOCHEF.mp3,Plats
Creme dessert chocolatee au thermochef,https://zyllio.github.io/zyllio-samples/recipies/recipies/audio/desserts/CREME%20DESSERT%20CHOCOLATEE%20AU%20THERMOCHEF.mp3,Desserts
Dessert coco banane au rhum facon thermochef,https://zyllio.github.io/zyllio-samples/recipies/recipies/audio/desserts/DESSERT%20COCO%20BANANE%20AU%20RHUM%20FACON%20THERMOCHEF.mp3,Desserts
Dessert coco framboises au rhum facon thermochef,https://zyllio.github.io/zyllio-samples/recipies/recipies/audio/desserts/DESSERT%20COCO%20FRAMBOISES%20AU%20RHUM%20FACON%20THERMOCHEF.mp3,Desserts
Dessert coco myrtilles au rhum facon thermochef,https://zyllio.github.io/zyllio-samples/recipies/recipies/audio/desserts/DESSERT%20COCO%20MYRTILLES%20AU%20RHUM%20FACON%20THERMOCHEF.mp3,Desserts
Dessert coco pruneaux au rhum facon thermochef,https://zyllio.github.io/zyllio-samples/recipies/recipies/audio/desserts/DESSERT%20COCO%20PRUNEAUX%20AU%20RHUM%20FACON%20THERMOCHEF.mp3,Desserts
Flan aux œufs et lait de coco facon thermochef,https://zyllio.github.io/zyllio-samples/recipies/recipies/audio/desserts/FLAN%20AUX%20%C5%92UFS%20ET%20LAIT%20DE%20COCO%20FACON%20THERMOCHEF.mp3,Desserts
Gateau a la carotte facon thermochef,https://zyllio.github.io/zyllio-samples/recipies/recipies/audio/desserts/GATEAU%20A%20LA%20CAROTTE%20FACON%20THERMOCHEF.mp3,Desserts
Gateau aux amandes et myrtilles facon thermochef,https://zyllio.github.io/zyllio-samples/recipies/recipies/audio/desserts/GATEAU%20AUX%20AMANDES%20ET%20MYRTILLES%20FACON%20THERMOCHEF.mp3,Desserts
Gateau aux pommes et citron facon thermochef,https://zyllio.github.io/zyllio-samples/recipies/recipies/audio/desserts/GATEAU%20AUX%20POMMES%20ET%20CITRON%20FACON%20THERMOCHEF.mp3,Desserts
Gateau moelleux au chocolat alsa facon thermochef,https://zyllio.github.io/zyllio-samples/recipies/recipies/audio/desserts/GATEAU%20MOELLEUX%20AU%20CHOCOLAT%20ALSA%20FACON%20THERMOCHEF.mp3,Desserts
Gateau moelleux au chocolat facon thermochef,https://zyllio.github.io/zyllio-samples/recipies/recipies/audio/desserts/GATEAU%20MOELLEUX%20AU%20CHOCOLAT%20FACON%20THERMOCHEF.mp3,Desserts
Naan a la banane et au coco facon thermochef,https://zyllio.github.io/zyllio-samples/recipies/recipies/audio/desserts/NAAN%20A%20LA%20BANANE%20ET%20AU%20COCO%20FACON%20THERMOCHEF.mp3,Desserts
Naan au chocolat et a l’orange facon thermochef,https://zyllio.github.io/zyllio-samples/recipies/recipies/audio/desserts/NAAN%20AU%20CHOCOLAT%20ET%20A%20L%E2%80%99ORANGE%20FACON%20THERMOCHEF.mp3,Desserts
Pain au levain naturel et farine de seigle facon thermochef,https://zyllio.github.io/zyllio-samples/recipies/recipies/audio/desserts/PAIN%20AU%20LEVAIN%20NATUREL%20ET%20FARINE%20DE%20SEIGLE%20FACON%20THERMOCHEF.mp3,Desserts
Pain aux noix sans petrissage facon thermochef,https://zyllio.github.io/zyllio-samples/recipies/recipies/audio/desserts/PAIN%20AUX%20NOIX%20SANS%20PETRISSAGE%20FACON%20THERMOCHEF%20%E2%80%94.mp3,Desserts
Pain multicereales aux legumes facon thermochef,https://zyllio.github.io/zyllio-samples/recipies/recipies/audio/desserts/PAIN%20MULTICEREALES%20AUX%20LEGUMES%20FACON%20THERMOCHEF.mp3,Desserts
Pain vapeur basique facon thermochef,https://zyllio.github.io/zyllio-samples/recipies/recipies/audio/desserts/PAIN%20VAPEUR%20BASIQUE%20FACON%20THERMOCHEF.mp3,Desserts
"Polenta vanille, rhum et pepites de chocolat facon thermochef",https://zyllio.github.io/zyllio-samples/recipies/recipies/audio/desserts/POLENTA%20VANILLE%2C%20RHUM%20ET%20PEPITES%20DE%20CHOCOLAT%20FACON%20THERMOCHEF.mp3,Desserts
Quatre-quart marbre facon thermochef,https://zyllio.github.io/zyllio-samples/recipies/recipies/audio/desserts/QUATRE-QUART%20MARBRE%20FACON%20THERMOCHEF.mp3,Desserts
Riz au lait basse temperature fleur de coco et sirop de yacon facon thermochef,https://zyllio.github.io/zyllio-samples/recipies/recipies/audio/desserts/RIZ%20AU%20LAIT%20BASSE%20TEMPERATURE%20FLEUR%20DE%20COCO%20ET%20SIROP%20DE%20YACON%20FACON%20THERMOCHEF.mp3,Desserts
Yaourt maison a la cannelle et au miel au thermochef,https://zyllio.github.io/zyllio-samples/recipies/recipies/audio/desserts/YAOURT%20MAISON%20A%20LA%20CANNELLE%20ET%20AU%20MIEL%20AU%20THERMOCHEF.mp3,Desserts
Yaourt maison au thermochef,https://zyllio.github.io/zyllio-samples/recipies/recipies/audio/desserts/YAOURT%20MAISON%20AU%20THERMOCHEF.mp3,Desserts
Yaourt maison aux fruits rouges au thermochef,https://zyllio.github.io/zyllio-samples/recipies/recipies/audio/desserts/YAOURT%20MAISON%20AUX%20FRUITS%20ROUGES%20AU%20THERMOCHEF.mp3,Desserts
Yaourt maison vegetal a la vanille et au lait d’amande au thermochef,https://zyllio.github.io/zyllio-samples/recipies/recipies/audio/desserts/YAOURT%20MAISON%20VEGETAL%20A%20LA%20VANILLE%20ET%20AU%20LAIT%20D%E2%80%99AMANDE%20AU%20THERMOCHEF.mp3,Desserts
"Yaourt maison vegetal au lait d’amande, cacao et banane au thermochef",https://zyllio.github.io/zyllio-samples/recipies/recipies/audio/desserts/YAOURT%20MAISON%20VEGETAL%20AU%20LAIT%20D%E2%80%99AMANDE%2C%20CACAO%20ET%20BANANE%20AU%20THERMOCHEF.mp3,Desserts
Œufs a la coque facon thermochef,https://zyllio.github.io/zyllio-samples/recipies/recipies/audio/oeuf%20et%20omelette/%C5%92UFS%20A%20LA%20COQUE%20FACON%20THERMOCHEF.mp3,Oeuf et omelette
Œufs au plat facon thermochef,https://zyllio.github.io/zyllio-samples/recipies/recipies/audio/oeuf%20et%20omelette/%C5%92UFS%20AU%20PLAT%20FACON%20THERMOCHEF.mp3,Oeuf et omelette
Œufs durs facon thermochef,https://zyllio.github.io/zyllio-samples/recipies/recipies/audio/oeuf%20et%20omelette/%C5%92UFS%20DURS%20FACON%20THERMOCHEF.mp3,Oeuf et omelette
Omelette au fromage facon thermochef,https://zyllio.github.io/zyllio-samples/recipies/recipies/audio/oeuf%20et%20omelette/OMELETTE%20AU%20FROMAGE%20FACON%20THERMOCHEF.mp3,Oeuf et omelette
"Omelette aux champignons, ail et persil facon thermochef",https://zyllio.github.io/zyllio-samples/recipies/recipies/audio/oeuf%20et%20omelette/OMELETTE%20AUX%20CHAMPIGNONS%2C%20AIL%20ET%20PERSIL%20FACON%20THERMOCHEF.mp3,Oeuf et omelette
Omelette aux oignons facon thermochef,https://zyllio.github.io/zyllio-samples/recipies/recipies/audio/oeuf%20et%20omelette/OMELETTE%20AUX%20OIGNONS%20FACON%20THERMOCHEF.mp3,Oeuf et omelette
Omelette courgette et chevre facon thermochef,https://zyllio.github.io/zyllio-samples/recipies/recipies/audio/oeuf%20et%20omelette/OMELETTE%20COURGETTE%20ET%20CHEVRE%20FACON%20THERMOCHEF.mp3,Oeuf et omelette
Omelette jambon-fromage facon thermochef,https://zyllio.github.io/zyllio-samples/recipies/recipies/audio/oeuf%20et%20omelette/OMELETTE%20JAMBON-FROMAGE%20FACON%20THERMOCHEF.mp3,Oeuf et omelette
Omelette nature facon thermochef,https://zyllio.github.io/zyllio-samples/recipies/recipies/audio/oeuf%20et%20omelette/OMELETTE%20NATURE%20FACON%20THERMOCHEF.mp3,Oeuf et omelette
Omelette tomate basilic facon thermochef,https://zyllio.github.io/zyllio-samples/recipies/recipies/audio/oeuf%20et%20omelette/OMELETTE%20TOMATE%20BASILIC%20FACON%20THERMOCHEF.mp3,Oeuf et omelette
One pot cavatelli a la saucisse italienne et aux poivrons,https://zyllio.github.io/zyllio-samples/recipies/recipies/audio/one%20pot%20pasta/ONE%20POT%20CAVATELLI%20A%20LA%20SAUCISSE%20ITALIENNE%20ET%20AUX%20POIVRONS.mp3,One pot pasta
One pot conchiglie aux epinards et a la creme,https://zyllio.github.io/zyllio-samples/recipies/recipies/audio/one%20pot%20pasta/ONE%20POT%20CONCHIGLIE%20AUX%20EPINARDS%20ET%20A%20LA%20CREME.mp3,One pot pasta
One pot coquillettes saumon et creme citronnee,https://zyllio.github.io/zyllio-samples/recipies/recipies/audio/one%20pot%20pasta/ONE%20POT%20COQUILLETTES%20SAUMON%20ET%20CREME%20CITRONNEE.mp3,One pot pasta
One pot farfalle a la grecque vegetarien,https://zyllio.github.io/zyllio-samples/recipies/recipies/audio/one%20pot%20pasta/ONE%20POT%20FARFALLE%20A%20LA%20GRECQUE%20VEGETARIEN.mp3,One pot pasta
One pot farfalle aux legumes printemps,https://zyllio.github.io/zyllio-samples/recipies/recipies/audio/one%20pot%20pasta/ONE%20POT%20FARFALLE%20AUX%20LEGUMES%20PRINTEMPS.mp3,One pot pasta
One pot farfalle champignons et creme,https://zyllio.github.io/zyllio-samples/recipies/recipies/audio/one%20pot%20pasta/ONE%20POT%20FARFALLE%20CHAMPIGNONS%20ET%20CREME.mp3,One pot pasta
One pot farfalle ratatouille vegetarien,https://zyllio.github.io/zyllio-samples/recipies/recipies/audio/one%20pot%20pasta/ONE%20POT%20FARFALLE%20RATATOUILLE%20VEGETARIEN.mp3,One pot pasta
One pot farfalleaux fruits de mer facon thermochef,https://zyllio.github.io/zyllio-samples/recipies/recipies/audio/one%20pot%20pasta/one%20pot%20farfalleaux%20fruits%20de%20mer%20facon%20thermochef.mp3,One pot pasta
One pot fusilli a la ratatouille,https://zyllio.github.io/zyllio-samples/recipies/recipies/audio/one%20pot%20pasta/ONE%20POT%20FUSILLI%20A%20LA%20RATATOUILLE.mp3,One pot pasta
One pot fusilli bœuf stroganoff,https://zyllio.github.io/zyllio-samples/recipies/recipies/audio/one%20pot%20pasta/ONE%20POT%20FUSILLI%20B%C5%92UF%20STROGANOFF.mp3,One pot pasta
One pot fusilli carbonara de courgettes vegetarien,https://zyllio.github.io/zyllio-samples/recipies/recipies/audio/one%20pot%20pasta/ONE%20POT%20FUSILLI%20CARBONARA%20DE%20COURGETTES%20VEGETARIEN.mp3,One pot pasta
One pot fusilli chorizo et poivrons,https://zyllio.github.io/zyllio-samples/recipies/recipies/audio/one%20pot%20pasta/ONE%20POT%20FUSILLI%20CHORIZO%20ET%20POIVRONS.mp3,One pot pasta
One pot fusilli et boulettes de viande facon thermochef,https://zyllio.github.io/zyllio-samples/recipies/recipies/audio/one%20pot%20pasta/ONE%20POT%20FUSILLI%20ET%20BOULETTES%20DE%20VIANDE%20FACON%20THERMOCHEF.mp3,One pot pasta
One pot fusilli pesto de roquette vegetarien,https://zyllio.github.io/zyllio-samples/recipies/recipies/audio/one%20pot%20pasta/ONE%20POT%20FUSILLI%20PESTO%20DE%20ROQUETTE%20VEGETARIEN.mp3,One pot pasta
One pot fusilli poulet cacciatore,https://zyllio.github.io/zyllio-samples/recipies/recipies/audio/one%20pot%20pasta/ONE%20POT%20FUSILLI%20POULET%20CACCIATORE.mp3,One pot pasta
One pot fusilli primavera vegetarien,https://zyllio.github.io/zyllio-samples/recipies/recipies/audio/one%20pot%20pasta/ONE%20POT%20FUSILLI%20PRIMAVERA%20VEGETARIEN.mp3,One pot pasta
One pot macaroni brocoli et fromage,https://zyllio.github.io/zyllio-samples/recipies/recipies/audio/one%20pot%20pasta/ONE%20POT%20MACARONI%20BROCOLI%20ET%20FROMAGE.mp3,One pot pasta
One pot macaroni cheeseburger,https://zyllio.github.io/zyllio-samples/recipies/recipies/audio/one%20pot%20pasta/ONE%20POT%20MACARONI%20CHEESEBURGER.mp3,One pot pasta
One pot macaronis a la carbonara facon thermochef,https://zyllio.github.io/zyllio-samples/recipies/recipies/audio/one%20pot%20pasta/ONE%20POT%20MACARONIS%20A%20LA%20CARBONARA%20FACON%20THERMOCHEF.mp3,One pot pasta
One pot macaronis alfredo au poulet facon thermochef,https://zyllio.github.io/zyllio-samples/recipies/recipies/audio/one%20pot%20pasta/ONE%20POT%20MACARONIS%20ALFREDO%20AU%20POULET%20FACON%20THERMOCHEF.mp3,One pot pasta
One pot macaronis aux artichauts et huile d’olive,https://zyllio.github.io/zyllio-samples/recipies/recipies/audio/one%20pot%20pasta/ONE%20POT%20MACARONIS%20AUX%20ARTICHAUTS%20ET%20HUILE%20D%E2%80%99OLIVE.mp3,One pot pasta
One pot macaronis aux legumes mediterraneens,https://zyllio.github.io/zyllio-samples/recipies/recipies/audio/one%20pot%20pasta/ONE%20POT%20MACARONIS%20AUX%20LEGUMES%20MEDITERRANEENS.mp3,One pot pasta
One pot macaronis crevettes et ail facon thermochef,https://zyllio.github.io/zyllio-samples/recipies/recipies/audio/one%20pot%20pasta/one%20pot%20macaronis%20crevettes%20et%20ail%20facon%20thermochef.mp3,One pot pasta
One pot orecchiette aux olives et au citron,https://zyllio.github.io/zyllio-samples/recipies/recipies/audio/one%20pot%20pasta/ONE%20POT%20ORECCHIETTE%20AUX%20OLIVES%20ET%20AU%20CITRON.mp3,One pot pasta
One pot orzo a la saucisse italienne et au poireau,https://zyllio.github.io/zyllio-samples/recipies/recipies/audio/one%20pot%20pasta/ONE%20POT%20ORZO%20A%20LA%20SAUCISSE%20ITALIENNE%20ET%20AU%20POIREAU.mp3,One pot pasta
One pot orzo crevettes et citron,https://zyllio.github.io/zyllio-samples/recipies/recipies/audio/one%20pot%20pasta/ONE%20POT%20ORZO%20CREVETTES%20ET%20CITRON.mp3,One pot pasta
One pot orzo mediterraneen vegetarien,https://zyllio.github.io/zyllio-samples/recipies/recipies/audio/one%20pot%20pasta/ONE%20POT%20ORZO%20MEDITERRANEEN%20VEGETARIEN.mp3,One pot pasta
One pot orzo poulet et citron,https://zyllio.github.io/zyllio-samples/recipies/recipies/audio/one%20pot%20pasta/ONE%20POT%20ORZO%20POULET%20ET%20CITRON.mp3,One pot pasta
One pot pates au thon mediterraneen,https://zyllio.github.io/zyllio-samples/recipies/recipies/audio/one%20pot%20pasta/ONE%20POT%20PATES%20AU%20THON%20MEDITERRANEEN.mp3,One pot pasta
One pot pates poulet et champignons,https://zyllio.github.io/zyllio-samples/recipies/recipies/audio/one%20pot%20pasta/ONE%20POT%20PATES%20POULET%20ET%20CHAMPIGNONS.mp3,One pot pasta
One pot penne a la tomate et au basilic,https://zyllio.github.io/zyllio-samples/recipies/recipies/audio/one%20pot%20pasta/ONE%20POT%20PENNE%20A%20LA%20TOMATE%20ET%20AU%20BASILIC.mp3,One pot pasta
One pot penne au poulet et pesto rosso,https://zyllio.github.io/zyllio-samples/recipies/recipies/audio/one%20pot%20pasta/ONE%20POT%20PENNE%20AU%20POULET%20ET%20PESTO%20ROSSO.mp3,One pot pasta
One pot penne bolognaise,https://zyllio.github.io/zyllio-samples/recipies/recipies/audio/one%20pot%20pasta/ONE%20POT%20PENNE%20BOLOGNAISE.mp3,One pot pasta
One pot penne epinards et tomates sechees vegetarien,https://zyllio.github.io/zyllio-samples/recipies/recipies/audio/one%20pot%20pasta/ONE%20POT%20PENNE%20EPINARDS%20ET%20TOMATES%20SECHEES%20VEGETARIEN.mp3,One pot pasta
One pot penne poulet et artichauts,https://zyllio.github.io/zyllio-samples/recipies/recipies/audio/one%20pot%20pasta/ONE%20POT%20PENNE%20POULET%20ET%20ARTICHAUTS.mp3,One pot pasta
One pot penne poulet et pesto,https://zyllio.github.io/zyllio-samples/recipies/recipies/audio/one%20pot%20pasta/ONE%20POT%20PENNE%20POULET%20ET%20PESTO.mp3,One pot pasta
One pot pipe rigate brocoli et saumon,https://zyllio.github.io/zyllio-samples/recipies/recipies/audio/one%20pot%20pasta/ONE%20POT%20PIPE%20RIGATE%20BROCOLI%20ET%20SAUMON.mp3,One pot pasta
One pot radiatori au saumon fume et aux petits pois,https://zyllio.github.io/zyllio-samples/recipies/recipies/audio/one%20pot%20pasta/ONE%20POT%20RADIATORI%20AU%20SAUMON%20FUME%20ET%20AUX%20PETITS%20POIS.mp3,One pot pasta
One pot rigatoni a la norma vegetarien,https://zyllio.github.io/zyllio-samples/recipies/recipies/audio/one%20pot%20pasta/ONE%20POT%20RIGATONI%20A%20LA%20NORMA%20VEGETARIEN.mp3,One pot pasta
One pot rigatoni a la saucisse italienne,https://zyllio.github.io/zyllio-samples/recipies/recipies/audio/one%20pot%20pasta/ONE%20POT%20RIGATONI%20A%20LA%20SAUCISSE%20ITALIENNE.mp3,One pot pasta
One pot rigatoni porc effiloche,https://zyllio.github.io/zyllio-samples/recipies/recipies/audio/one%20pot%20pasta/ONE%20POT%20RIGATONI%20PORC%20EFFILOCHE.mp3,One pot pasta
One pot rotini puttanesca,https://zyllio.github.io/zyllio-samples/recipies/recipies/audio/one%20pot%20pasta/ONE%20POT%20ROTINI%20PUTTANESCA.mp3,One pot pasta
One pot tagliatelle champignons et prosciutto,https://zyllio.github.io/zyllio-samples/recipies/recipies/audio/one%20pot%20pasta/ONE%20POT%20TAGLIATELLE%20CHAMPIGNONS%20ET%20PROSCIUTTO.mp3,One pot pasta
One pot tagliatelle saumon et epinards,https://zyllio.github.io/zyllio-samples/recipies/recipies/audio/one%20pot%20pasta/ONE%20POT%20TAGLIATELLE%20SAUMON%20ET%20EPINARDS.mp3,One pot pasta
Riz au curry de legumes facon thermochef,https://zyllio.github.io/zyllio-samples/recipies/recipies/audio/one%20pot%20rice/RIZ%20AU%20CURRY%20DE%20LEGUMES%20FACON%20THERMOCHEF.mp3,One pot rice
Riz au curry vert et poulet facon thermochef,https://zyllio.github.io/zyllio-samples/recipies/recipies/audio/one%20pot%20rice/RIZ%20AU%20CURRY%20VERT%20ET%20POULET%20FACON%20THERMOCHEF.mp3,One pot rice
Riz au pesto et tomates sechees facon thermochef,https://zyllio.github.io/zyllio-samples/recipies/recipies/audio/one%20pot%20rice/RIZ%20AU%20PESTO%20ET%20TOMATES%20SECHEES%20FACON%20THERMOCHEF.mp3,One pot rice
Riz au poulet citronne et thym facon thermochef,https://zyllio.github.io/zyllio-samples/recipies/recipies/audio/one%20pot%20rice/RIZ%20AU%20POULET%20CITRONNE%20ET%20THYM%20FACON%20THERMOCHEF.mp3,One pot rice
Riz au poulet et curry facon thermochef,https://zyllio.github.io/zyllio-samples/recipies/recipies/audio/one%20pot%20rice/RIZ%20AU%20POULET%20ET%20CURRY%20FACON%20THERMOCHEF.mp3,One pot rice
Riz au poulet teriyaki facon thermochef,https://zyllio.github.io/zyllio-samples/recipies/recipies/audio/one%20pot%20rice/RIZ%20AU%20POULET%20TERIYAKI%20FACON%20THERMOCHEF.mp3,One pot rice
Riz au saumon et asperges facon thermochef,https://zyllio.github.io/zyllio-samples/recipies/recipies/audio/one%20pot%20rice/RIZ%20AU%20SAUMON%20ET%20ASPERGES%20FACON%20THERMOCHEF.mp3,One pot rice
Riz au saumon fume et aneth facon thermochef,https://zyllio.github.io/zyllio-samples/recipies/recipies/audio/one%20pot%20rice/RIZ%20AU%20SAUMON%20FUME%20ET%20ANETH%20FACON%20THERMOCHEF.mp3,One pot rice
Riz aux artichauts et citron facon thermochef,https://zyllio.github.io/zyllio-samples/recipies/recipies/audio/one%20pot%20rice/RIZ%20AUX%20ARTICHAUTS%20ET%20CITRON%20FACON%20THERMOCHEF.mp3,One pot rice
Riz aux aubergines epicees facon thermochef,https://zyllio.github.io/zyllio-samples/recipies/recipies/audio/one%20pot%20rice/RIZ%20AUX%20AUBERGINES%20EPICEES%20FACON%20THERMOCHEF.mp3,One pot rice
Riz aux carottes et cumin facon thermochef,https://zyllio.github.io/zyllio-samples/recipies/recipies/audio/one%20pot%20rice/RIZ%20AUX%20CAROTTES%20ET%20CUMIN%20FACON%20THERMOCHEF.mp3,One pot rice
Riz aux cepes et parmesan facon thermochef,https://zyllio.github.io/zyllio-samples/recipies/recipies/audio/one%20pot%20rice/RIZ%20AUX%20CEPES%20ET%20PARMESAN%20FACON%20THERMOCHEF.mp3,One pot rice
Riz aux champignons et persil facon thermochef,https://zyllio.github.io/zyllio-samples/recipies/recipies/audio/one%20pot%20rice/RIZ%20AUX%20CHAMPIGNONS%20ET%20PERSIL%20FACON%20THERMOCHEF.mp3,One pot rice
Riz aux champignons et poulet facon thermochef,https://zyllio.github.io/zyllio-samples/recipies/recipies/audio/one%20pot%20rice/RIZ%20AUX%20CHAMPIGNONS%20ET%20POULET%20FACON%20THERMOCHEF.mp3,One pot rice
Riz aux courgettes et citron facon thermochef,https://zyllio.github.io/zyllio-samples/recipies/recipies/audio/one%20pot%20rice/RIZ%20AUX%20COURGETTES%20ET%20CITRON%20FACON%20THERMOCHEF.mp3,One pot rice
Riz aux crevettes epicees facon thermochef,https://zyllio.github.io/zyllio-samples/recipies/recipies/audio/one%20pot%20rice/RIZ%20AUX%20CREVETTES%20EPICEES%20FACON%20THERMOCHEF.mp3,One pot rice
Riz aux epinards et feta facon thermochef,https://zyllio.github.io/zyllio-samples/recipies/recipies/audio/one%20pot%20rice/RIZ%20AUX%20EPINARDS%20ET%20FETA%20FACON%20THERMOCHEF.mp3,One pot rice
Riz aux haricots rouges et chorizo facon thermochef,https://zyllio.github.io/zyllio-samples/recipies/recipies/audio/one%20pot%20rice/RIZ%20AUX%20HARICOTS%20ROUGES%20ET%20CHORIZO%20FACON%20THERMOCHEF.mp3,One pot rice
Riz aux legumes du soleil facon thermochef,https://zyllio.github.io/zyllio-samples/recipies/recipies/audio/one%20pot%20rice/RIZ%20AUX%20LEGUMES%20DU%20SOLEIL%20FACON%20THERMOCHEF.mp3,One pot rice
Riz aux lentilles et epices facon thermochef,https://zyllio.github.io/zyllio-samples/recipies/recipies/audio/one%20pot%20rice/RIZ%20AUX%20LENTILLES%20ET%20EPICES%20FACON%20THERMOCHEF.mp3,One pot rice
Riz aux pois chiches et cumin facon thermochef,https://zyllio.github.io/zyllio-samples/recipies/recipies/audio/one%20pot%20rice/RIZ%20AUX%20POIS%20CHICHES%20ET%20CUMIN%20FACON%20THERMOCHEF.mp3,One pot rice
Riz aux tomates cerises et basilic facon thermochef,https://zyllio.github.io/zyllio-samples/recipies/recipies/audio/one%20pot%20rice/RIZ%20AUX%20TOMATES%20CERISES%20ET%20BASILIC%20FACON%20THERMOCHEF.mp3,One pot rice
Riz coco-curry aux legumes facon thermochef,https://zyllio.github.io/zyllio-samples/recipies/recipies/audio/one%20pot%20rice/RIZ%20COCO-CURRY%20AUX%20LEGUMES%20FACON%20THERMOCHEF.mp3,One pot rice
Bouillon de crevettes citronne facon thermochef,https://zyllio.github.io/zyllio-samples/recipies/recipies/audio/soupe%20rapide/BOUILLON%20DE%20CREVETTES%20CITRONNE%20FACON%20THERMOCHEF.mp3,Soupe rapide
Soupe d’artichauts a l’ail roti facon thermochef,https://zyllio.github.io/zyllio-samples/recipies/recipies/audio/soupe%20rapide/SOUPE%20D%E2%80%99ARTICHAUTS%20A%20L%E2%80%99AIL%20ROTI%20FACON%20THERMOCHEF.mp3,Soupe rapide
Soupe d’asperges a la menthe facon thermochef,https://zyllio.github.io/zyllio-samples/recipies/recipies/audio/soupe%20rapide/SOUPE%20D%E2%80%99ASPERGES%20A%20LA%20MENTHE%20FACON%20THERMOCHEF.mp3,Soupe rapide
Soupe d’epinards et noix de muscade facon thermochef,https://zyllio.github.io/zyllio-samples/recipies/recipies/audio/soupe%20rapide/SOUPE%20D%E2%80%99EPINARDS%20ET%20NOIX%20DE%20MUSCADE%20FACON%20THERMOCHEF.mp3,Soupe rapide
Soupe de betteraves a l’orange facon thermochef,https://zyllio.github.io/zyllio-samples/recipies/recipies/audio/soupe%20rapide/SOUPE%20DE%20BETTERAVES%20A%20L%E2%80%99ORANGE%20FACON%20THERMOCHEF.mp3,Soupe rapide
Soupe de carottes au gingembre facon thermochef,https://zyllio.github.io/zyllio-samples/recipies/recipies/audio/soupe%20rapide/SOUPE%20DE%20CAROTTES%20AU%20GINGEMBRE%20FACON%20THERMOCHEF.mp3,Soupe rapide
Soupe de champignons aux fines herbes facon thermochef,https://zyllio.github.io/zyllio-samples/recipies/recipies/audio/soupe%20rapide/SOUPE%20DE%20CHAMPIGNONS%20AUX%20FINES%20HERBES%20FACON%20THERMOCHEF.mp3,Soupe rapide
Soupe de chou-fleur au parmesan facon thermochef,https://zyllio.github.io/zyllio-samples/recipies/recipies/audio/soupe%20rapide/SOUPE%20DE%20CHOU-FLEUR%20AU%20PARMESAN%20FACON%20THERMOCHEF.mp3,Soupe rapide
Soupe de concombre et yaourt facon thermochef,https://zyllio.github.io/zyllio-samples/recipies/recipies/audio/soupe%20rapide/SOUPE%20DE%20CONCOMBRE%20ET%20YAOURT%20FACON%20THERMOCHEF.mp3,Soupe rapide
Soupe de courgettes au curry facon thermochef,https://zyllio.github.io/zyllio-samples/recipies/recipies/audio/soupe%20rapide/SOUPE%20DE%20COURGETTES%20AU%20CURRY%20FACON%20THERMOCHEF.mp3,Soupe rapide
Soupe de mais epicee facon thermochef,https://zyllio.github.io/zyllio-samples/recipies/recipies/audio/soupe%20rapide/SOUPE%20DE%20MAIS%20EPICEE%20FACON%20THERMOCHEF.mp3,Soupe rapide
Soupe de pois casses express facon thermochef,https://zyllio.github.io/zyllio-samples/recipies/recipies/audio/soupe%20rapide/SOUPE%20DE%20POIS%20CASSES%20EXPRESS%20FACON%20THERMOCHEF.mp3,Soupe rapide
Soupe de poivrons rouges grilles facon thermochef,https://zyllio.github.io/zyllio-samples/recipies/recipies/audio/soupe%20rapide/SOUPE%20DE%20POIVRONS%20ROUGES%20GRILLES%20FACON%20THERMOCHEF.mp3,Soupe rapide
Soupe rapide de tomates et basilic facon thermochef,https://zyllio.github.io/zyllio-samples/recipies/recipies/audio/soupe%20rapide/SOUPE%20RAPIDE%20DE%20TOMATES%20ET%20BASILIC%20FACON%20THERMOCHEF.mp3,Soupe rapide
Soupe thaie au lait de coco facon thermochef,https://zyllio.github.io/zyllio-samples/recipies/recipies/audio/soupe%20rapide/SOUPE%20THAIE%20AU%20LAIT%20DE%20COCO%20FACON%20THERMOCHEF.mp3,Soupe rapide