Name,Image
1st grade,https://zyllio.github.io/zyllio-samples/best-in-class/grades/grade1.png
2nd grade,https://zyllio.github.io/zyllio-samples/best-in-class/grades/grade2.png
3rd grade,https://zyllio.github.io/zyllio-samples/best-in-class/grades/grade3.png
4th grade,https://zyllio.github.io/zyllio-samples/best-in-class/grades/grade4.png
5th grade,https://zyllio.github.io/zyllio-samples/best-in-class/grades/grade5.png
6th grade,https://zyllio.github.io/zyllio-samples/best-in-class/grades/grade6.png
7th grade,https://zyllio.github.io/zyllio-samples/best-in-class/grades/grade7.png
8th grade,https://zyllio.github.io/zyllio-samples/best-in-class/grades/grade8.png
9th grade,https://zyllio.github.io/zyllio-samples/best-in-class/grades/grade9.png
10th grade,https://zyllio.github.io/zyllio-samples/best-in-class/grades/grade10.png
11th grade,https://zyllio.github.io/zyllio-samples/best-in-class/grades/grade11.png
12th grade,https://zyllio.github.io/zyllio-samples/best-in-class/grades/grade12.png